해수수질기준,표층수온,저층수온,표층염분,저층염분,표층pH,저층pH,표층DO,저층DO,표층COD,저층COD,표층NH4-N,저층NH4-N,표층NO2-N,저층NO2-N,표층NO3-N,저층NO3-N,표층DIN,저층DIN,표층T-N,저층T-N,표층DIP,저층DIP,표층T-P,저층T-P,표층SiO2-Si,저층SiO2-Si,표층SS,저층SS,표층Chl-a,저층Chl-a,표층투명도
1,10.3608,10.152000000000001,34.2789,34.308,8.29,8.29,9.381076175,9.464281775,0.9492,1.19328,3.444,3.6260000000000003,2.0580000000000003,1.5959999999999999,58.408,55.86,63.91,61.082,144.984,166.18,9.3,8.927999999999999,17.143,21.514,214.76,220.388,7.8,5.5,0.862,0.8,12.0
2,9.8777,10.0348,34.2496,34.3083,8.18,8.22,9.614768463999999,9.48097363,1.095648,0.6725760000000001,5.474,2.66,1.5819999999999999,2.044,50.68,58.772,57.736000000000004,63.476000000000006,110.90799999999999,168.56,8.494,9.238,13.609000000000002,20.522,211.456,232.00799999999998,6.4,5.2,0.596,0.716,7.0
3,11.1442,6.1385,34.3816,34.085,8.29,8.1,8.813537758999999,7.711637002000001,1.091050667,0.767573333,4.158,3.696,2.478,1.274,57.218,127.89,63.854,132.86,148.694,288.442,8.649,6.752999999999999,17.639,38.037,201.37599999999998,253.252,3.3,5.25,0.22,0.0386,16.0
4,3.9047,4.0857,12.9966,28.7662,8.39,8.23,11.500289800000001,10.93217361,2.842816,2.5122560000000003,30.226,49.168,31.052,14.616,1571.122,649.222,1632.4,713.0060000000001,1916.3339999999998,899.206,11.655999999999999,17.608,56.451,47.43,353.332,413.952,24.2,20.8,6.08,5.88,0.7
5,25.0212,24.2475,31.3826,31.9468,8.08,8.07,5.777093133999999,5.231090614,1.811296,1.743584,7.2410000000000005,11.445,4.3260000000000005,2.296,51.842,26.194000000000003,63.409,39.935,307.86,204.13400000000001,15.345,21.576,30.349,22.599,306.6,309.904,3.8,5.8,3.236,2.34,3.1
